,State,Account length,Area code,International plan,Voice mail plan,Number vmail messages,Total day minutes,Total day calls,Total day charge,Total eve minutes,Total eve calls,Total eve charge,Total night minutes,Total night calls,Total night charge,Total intl minutes,Total intl calls,Total intl charge,Customer service calls,Churn
0,IN,68,415,No,No,0,222.1,107,37.76,199.4,102,16.95,162.4,107,7.31,9.4,3,2.54,2,False
1,MI,102,510,No,No,0,102.6,89,17.44,246.0,77,20.91,170.5,140,7.67,9.1,4,2.46,2,False
2,AZ,72,510,No,No,0,272.4,88,46.31,107.9,125,9.17,185.5,81,8.35,12.7,2,3.43,0,False
3,TN,108,408,No,Yes,15,165.1,85,28.07,267.0,93,22.7,250.7,114,11.28,10.9,4,2.94,1,False
4,OK,52,408,No,No,0,214.7,68,36.5,158.6,138,13.48,123.4,114,5.55,9.4,4,2.54,2,False
5,NE,112,415,Yes,Yes,16,200.3,72,34.05,197.8,91,16.81,151.1,92,6.8,10.4,3,2.81,1,False
6,UT,105,415,No,Yes,40,236.5,111,40.21,117.0,110,9.95,221.1,115,9.95,8.1,3,2.19,2,False
7,NY,70,415,No,No,0,177.4,125,30.16,226.2,104,19.23,254.1,72,11.43,10.9,4,2.94,0,False
8,NJ,128,415,No,No,0,237.9,125,40.44,247.6,93,21.05,208.9,68,9.4,13.9,4,3.75,1,True
9,SC,152,408,No,No,0,140.5,92,23.89,186.8,96,15.88,227.0,89,10.22,9.5,5,2.57,2,False
10,VA,75,415,No,No,0,224.7,116,38.2,192.0,79,16.32,212.2,98,9.55,11.3,11,3.05,3,False
11,FL,116,510,No,No,0,192.1,98,32.66,312.9,135,26.6,130.2,94,5.86,7.9,2,2.13,3,False
12,ND,177,408,No,No,0,189.5,99,32.22,176.3,117,14.99,225.9,112,10.17,14.2,2,3.83,1,False
13,AL,72,415,No,No,0,217.8,93,37.03,189.7,113,16.12,182.6,91,8.22,10.4,5,2.81,4,False
14,GA,71,415,No,No,0,258.4,132,43.93,126.8,119,10.78,182.4,87,8.21,9.7,8,2.62,4,False
15,VT,73,408,No,No,0,213.0,95,36.21,188.8,104,16.05,136.2,89,6.13,13.5,3,3.65,0,False
16,AL,19,415,Yes,No,0,237.7,98,40.41,207.1,121,17.6,182.2,95,8.2,4.5,4,1.22,0,False
17,FL,31,510,No,No,0,165.4,84,28.12,203.7,107,17.31,201.7,65,9.08,8.2,1,2.21,1,False
18,NM,117,415,No,No,0,143.3,103,24.36,211.3,108,17.96,185.2,96,8.33,11.5,3,3.11,1,False
19,TN,123,415,No,Yes,34,305.2,80,51.88,156.5,109,13.3,280.0,81,12.6,13.2,7,3.56,1,False
20,NE,105,408,No,No,0,162.3,99,27.59,212.5,95,18.06,214.7,114,9.66,11.1,8,3.0,4,False
21,ND,98,510,No,No,0,187.2,127,31.82,195.6,88,16.63,181.8,129,8.18,5.1,4,1.38,1,False
22,ME,112,415,No,No,0,185.4,114,31.52,191.4,119,16.27,144.0,78,6.48,10.0,11,2.7,2,False
23,DE,114,415,No,Yes,31,222.8,98,37.88,180.5,105,15.34,151.3,101,6.81,13.0,4,3.51,0,False
24,CA,93,510,No,Yes,19,136.8,113,23.26,179.5,105,15.26,71.1,95,3.2,12.5,3,3.38,2,False
25,WI,70,415,No,No,0,7.9,100,1.34,136.4,83,11.59,156.6,89,7.05,12.1,1,3.27,0,False
26,WI,166,510,No,No,0,173.9,103,29.56,276.4,83,23.49,190.8,113,8.59,15.3,5,4.13,0,False
27,NM,111,415,No,No,0,132.6,125,22.54,221.1,67,18.79,127.9,101,5.76,12.7,2,3.43,4,True
28,NM,161,408,No,No,0,107.5,121,18.28,256.4,46,21.79,247.2,131,11.12,12.6,3,3.4,2,False
29,DE,92,415,No,Yes,33,243.1,92,41.33,213.8,92,18.17,228.7,104,10.29,12.1,2,3.27,2,False
30,ID,92,415,No,No,0,197.2,113,33.52,242.3,116,20.6,192.0,76,8.64,11.0,5,2.97,2,False
31,KY,71,510,No,Yes,22,141.4,107,24.04,163.0,105,13.86,220.0,99,9.9,5.6,3,1.51,2,False
32,VT,135,415,No,No,0,151.7,82,25.79,119.0,105,10.12,180.0,100,8.1,10.5,6,2.84,0,False
33,ME,19,415,No,No,0,201.5,123,34.26,129.2,110,10.98,220.6,98,9.93,12.9,4,3.48,1,False
34,NJ,45,510,No,No,0,155.7,110,26.47,260.3,103,22.13,192.2,98,8.65,11.0,1,2.97,1,False
35,HI,171,510,No,No,0,189.8,122,32.27,173.7,85,14.76,257.1,84,11.57,10.3,1,2.78,0,False
36,VT,125,415,No,No,0,126.7,113,21.54,155.5,131,13.22,206.2,112,9.28,14.4,7,3.89,2,False
37,MD,79,510,No,Yes,31,103.1,90,17.53,243.0,135,20.66,76.4,92,3.44,12.2,8,3.29,3,False
38,CT,160,415,No,No,0,234.9,136,39.93,270.8,134,23.02,219.3,101,9.87,13.9,2,3.75,1,True
39,AL,100,408,No,Yes,25,246.6,94,41.92,141.4,112,12.02,189.8,109,8.54,13.0,5,3.51,1,False
40,OK,52,415,No,No,0,124.9,131,21.23,300.5,118,25.54,192.5,106,8.66,11.6,4,3.13,2,False
41,MN,99,408,No,No,0,128.8,86,21.9,203.9,105,17.33,282.6,131,12.72,14.1,4,3.81,2,False
42,MA,90,408,No,No,0,157.9,72,26.84,234.0,93,19.89,210.0,86,9.45,12.2,5,3.29,2,False
43,NM,107,415,No,No,0,222.3,101,37.79,286.0,111,24.31,249.4,117,11.22,12.1,4,3.27,1,True
44,CA,127,510,No,No,0,107.9,128,18.34,187.0,77,15.9,218.5,95,9.83,0.0,0,0.0,0,False
45,MN,100,415,Yes,No,0,159.9,94,27.18,179.9,95,15.29,154.4,102,6.95,11.6,2,3.13,2,True
46,MA,105,415,No,Yes,21,147.0,112,24.99,197.3,43,16.77,267.4,93,12.03,8.7,3,2.35,2,False
47,AL,149,415,No,Yes,20,264.4,102,44.95,219.6,123,18.67,200.4,89,9.02,11.3,3,3.05,2,False
48,GA,90,415,No,No,0,113.2,108,19.24,189.3,63,16.09,271.8,124,12.23,14.1,4,3.81,3,False
49,MO,112,415,No,No,0,335.5,77,57.04,212.5,109,18.06,265.0,132,11.93,12.7,8,3.43,2,True
50,KY,98,415,No,Yes,36,168.0,81,28.56,163.2,125,13.87,172.7,120,7.77,8.0,2,2.16,6,True
51,WV,144,510,No,Yes,38,105.0,86,17.85,121.8,123,10.35,221.5,122,9.97,3.7,4,1.0,0,False
52,SC,41,408,No,No,0,237.8,92,40.43,223.5,155,19.0,217.4,90,9.78,10.2,6,2.75,2,False
53,AZ,138,415,No,No,0,240.8,104,40.94,144.5,92,12.28,125.7,98,5.66,11.6,1,3.13,0,False
54,OR,149,415,Yes,No,0,176.2,87,29.95,145.0,81,12.33,249.5,92,11.23,5.7,4,1.54,0,False
55,KS,67,510,No,No,0,129.0,78,21.93,188.0,116,15.98,235.0,102,10.58,11.2,3,3.02,2,False
56,WI,54,415,No,No,0,116.8,119,19.86,123.1,123,10.46,217.5,101,9.79,12.0,2,3.24,1,False
57,MD,106,415,No,No,0,165.3,118,28.1,210.0,101,17.85,187.2,93,8.42,8.5,3,2.3,2,False
58,OR,113,415,No,No,0,159.8,143,27.17,210.1,93,17.86,175.1,86,7.88,13.1,7,3.54,2,False
59,MS,120,408,No,No,0,212.1,131,36.06,209.4,104,17.8,167.2,96,7.52,5.3,5,1.43,1,True
60,ND,105,415,No,Yes,23,193.5,85,32.9,220.2,90,18.72,272.4,111,12.26,8.5,5,2.3,0,False
61,VA,146,415,No,No,0,205.4,101,34.92,134.9,77,11.47,310.5,83,13.97,10.3,2,2.78,3,False
62,ME,78,415,No,No,0,252.9,93,42.99,178.4,112,15.16,263.9,105,11.88,9.5,7,2.57,3,False
63,SC,161,510,No,No,0,297.9,141,50.64,238.1,107,20.24,240.5,93,10.82,8.9,5,2.4,1,True
64,HI,135,415,No,No,0,190.9,44,32.45,161.4,109,13.72,231.9,100,10.44,8.4,2,2.27,1,False
65,MO,147,415,Yes,No,0,157.0,79,26.69,103.1,94,8.76,211.8,96,9.53,7.1,6,1.92,0,False
66,WV,121,415,No,No,0,103.3,110,17.56,129.1,82,10.97,167.1,113,7.52,10.7,3,2.89,0,False
67,PA,91,510,No,No,0,231.8,120,39.41,150.6,106,12.8,269.2,129,12.11,11.6,7,3.13,3,False
68,CA,103,415,No,Yes,18,149.9,84,25.48,170.9,84,14.53,171.5,112,7.72,11.5,7,3.11,0,True
69,WA,29,415,No,No,0,157.4,122,26.76,145.0,75,12.33,281.8,92,12.68,9.3,2,2.51,1,False
70,DC,121,408,No,No,0,168.6,121,28.66,168.6,94,14.33,95.3,59,4.29,12.3,4,3.32,1,False
71,VA,141,415,No,No,0,217.1,110,36.91,241.5,111,20.53,253.5,103,11.41,12.0,6,3.24,0,False
72,AZ,93,415,No,No,0,271.6,71,46.17,229.4,108,19.5,77.3,121,3.48,10.9,3,2.94,2,False
73,NH,64,408,No,Yes,27,182.1,91,30.96,169.7,98,14.42,164.7,86,7.41,10.6,5,2.86,2,False
74,TX,90,408,Yes,No,0,221.8,97,37.71,203.8,134,17.32,215.8,154,9.71,8.4,4,2.27,1,False
75,IL,74,510,No,Yes,27,154.1,122,26.2,195.3,150,16.6,276.7,86,12.45,13.2,2,3.56,4,False
76,VT,68,415,No,No,0,158.8,119,27.0,211.8,105,18.0,198.1,101,8.91,10.3,3,2.78,1,False
77,DE,105,415,Yes,No,0,150.0,106,25.5,293.8,123,24.97,250.7,65,11.28,10.3,7,2.78,3,False
78,AR,135,510,No,Yes,27,273.4,141,46.48,154.0,99,13.09,245.8,112,11.06,12.3,6,3.32,1,False
79,MD,136,415,No,No,0,252.4,74,42.91,167.9,81,14.27,248.3,110,11.17,10.7,3,2.89,2,False
80,NM,21,415,No,Yes,19,132.7,94,22.56,204.6,101,17.39,154.7,78,6.96,12.9,7,3.48,3,False
81,CT,3,415,No,Yes,36,118.1,117,20.08,221.5,125,18.83,103.9,89,4.68,11.9,6,3.21,2,False
82,CT,150,510,No,No,0,189.3,77,32.18,220.9,105,18.78,238.7,117,10.74,9.2,5,2.48,4,False
83,KS,132,415,No,No,0,83.4,110,14.18,232.2,137,19.74,146.7,114,6.6,7.6,5,2.05,1,False
84,WI,69,510,Yes,No,0,279.8,90,47.57,248.7,91,21.14,171.0,118,7.69,8.4,10,2.27,2,True
85,MT,73,408,No,Yes,26,131.2,98,22.3,106.5,97,9.05,221.7,96,9.98,10.2,6,2.75,2,False
86,HI,104,408,No,No,0,170.6,97,29.0,162.1,111,13.78,210.7,131,9.48,6.1,1,1.65,1,False
87,OR,157,510,No,Yes,30,194.3,107,33.03,243.2,108,20.67,322.2,114,14.5,7.1,5,1.92,1,False
88,NE,91,510,No,Yes,37,162.3,107,27.59,233.9,115,19.88,277.4,94,12.48,9.2,4,2.48,0,False
89,IL,89,415,Yes,Yes,19,112.6,114,19.14,261.7,132,22.24,123.5,116,5.56,11.1,2,3.0,0,True
90,FL,148,510,Yes,No,0,148.2,138,25.19,159.6,123,13.57,197.4,62,8.88,8.6,3,2.32,2,False
91,NJ,88,415,No,No,0,301.5,136,51.26,257.7,72,21.9,132.9,118,5.98,13.4,2,3.62,4,True
92,VT,152,510,No,Yes,20,214.6,108,36.48,96.6,82,8.21,170.7,145,7.68,7.9,5,2.13,1,False
93,UT,97,415,No,No,0,209.2,134,35.56,0.0,0,0.0,175.4,94,7.89,11.8,6,3.19,1,False
94,MD,176,408,No,No,0,201.9,101,34.32,154.7,78,13.15,164.4,79,7.4,9.0,2,2.43,1,False
95,KY,108,415,No,Yes,35,169.8,136,28.87,173.7,101,14.76,214.6,105,9.66,9.5,7,2.57,2,False
96,VA,68,408,Yes,No,0,148.5,126,25.25,219.4,125,18.65,198.5,121,8.93,14.5,7,3.92,1,True
97,IL,142,415,No,Yes,38,163.3,104,27.76,136.0,114,11.56,249.1,127,11.21,4.3,6,1.16,0,False
98,MO,107,415,No,Yes,22,281.1,83,47.79,143.7,130,12.21,239.4,128,10.77,11.2,9,3.02,1,False
99,MT,95,510,No,No,0,156.6,88,26.62,247.6,75,21.05,192.3,115,8.65,12.3,5,3.32,3,False
100,ID,77,415,No,No,0,251.8,72,42.81,205.7,126,17.48,275.2,109,12.38,9.8,7,2.65,2,True
101,WI,66,415,Yes,No,0,208.7,84,35.48,173.3,88,14.73,264.7,107,11.91,8.3,3,2.24,3,False
102,TN,121,510,No,Yes,26,170.4,91,28.97,254.5,90,21.63,219.6,122,9.88,15.1,5,4.08,0,False
103,HI,3,408,No,No,0,139.0,99,23.63,250.7,108,21.31,286.2,87,12.88,6.1,3,1.65,4,False
104,OR,59,408,No,Yes,28,120.9,97,20.55,213.0,92,18.11,163.1,116,7.34,8.5,5,2.3,2,False
105,DE,183,415,No,Yes,8,86.5,119,14.71,285.2,97,24.24,180.4,133,8.12,8.7,2,2.35,2,False
106,OK,180,415,No,No,0,143.5,121,24.4,189.3,111,16.09,174.9,82,7.87,8.8,5,2.38,3,False
107,MI,48,415,No,No,0,240.0,88,40.8,141.0,117,11.99,128.9,137,5.8,7.1,9,1.92,1,False
108,RI,113,415,No,No,0,90.6,130,15.4,170.6,100,14.5,137.4,74,6.18,5.4,9,1.46,1,False
109,WV,125,415,No,No,0,206.0,128,35.02,198.1,71,16.84,135.9,116,6.12,13.2,3,3.56,0,False
110,DE,80,415,No,No,0,199.8,138,33.97,167.1,91,14.2,271.8,94,12.23,5.5,4,1.49,1,False
111,SD,75,408,No,No,0,147.5,110,25.08,191.7,97,16.29,135.0,68,6.08,16.4,3,4.43,2,False
112,IA,40,510,No,No,0,169.7,115,28.85,141.4,123,12.02,253.0,115,11.39,10.5,3,2.84,4,True
113,HI,87,408,No,Yes,28,151.4,95,25.74,152.4,97,12.95,250.1,109,11.25,0.0,0,0.0,1,False
114,MD,93,408,Yes,No,0,312.0,109,53.04,129.4,100,11.0,217.6,74,9.79,10.5,2,2.84,0,True
115,MI,105,415,No,Yes,29,179.4,113,30.5,275.4,100,23.41,246.1,105,11.07,10.0,5,2.7,0,False
116,LA,67,510,No,No,0,310.4,97,52.77,66.5,123,5.65,246.5,99,11.09,9.2,10,2.48,4,False
117,UT,100,408,No,No,0,185.0,122,31.45,182.5,92,15.51,274.9,92,12.37,5.1,8,1.38,1,False
118,AL,47,408,No,Yes,28,141.3,94,24.02,168.0,108,14.28,113.5,84,5.11,7.8,2,2.11,1,False
119,AR,179,415,Yes,Yes,38,220.1,78,37.42,234.3,71,19.92,237.3,85,10.68,10.1,4,2.73,4,False
120,PA,52,408,No,No,0,215.9,67,36.7,217.0,108,18.45,342.8,130,15.43,5.2,2,1.4,1,False
121,OR,120,415,No,No,0,252.0,120,42.84,150.2,106,12.77,151.8,96,6.83,9.6,1,2.59,2,False
122,MO,45,510,No,Yes,29,135.8,104,23.09,222.5,101,18.91,235.6,92,10.6,7.9,6,2.13,2,False
123,RI,65,415,No,No,0,111.0,51,18.87,219.8,84,18.68,202.0,89,9.09,4.4,14,1.19,1,False
124,PA,171,415,No,Yes,25,223.2,77,37.94,183.2,118,15.57,150.8,90,6.79,10.2,3,2.75,3,False
125,DC,24,408,No,No,0,149.0,73,25.33,131.0,81,11.14,238.6,69,10.74,8.6,3,2.32,2,True
126,NV,105,415,Yes,Yes,29,220.7,82,37.52,217.7,110,18.5,190.5,100,8.57,13.2,6,3.56,1,True
127,OK,101,415,No,No,0,269.7,85,45.85,207.6,86,17.65,214.2,107,9.64,4.5,15,1.22,3,True
128,FL,127,415,No,No,0,266.6,106,45.32,264.8,168,22.51,207.2,119,9.32,5.9,2,1.59,1,True
129,WI,100,510,No,Yes,38,224.7,121,38.2,294.0,131,24.99,290.0,61,13.05,9.8,6,2.65,0,False
130,OR,161,415,No,No,0,105.4,70,17.92,214.8,122,18.26,223.6,126,10.06,7.8,5,2.11,0,False
131,TX,121,415,No,Yes,31,263.1,70,44.73,279.3,118,23.74,127.1,143,5.72,9.7,4,2.62,5,False
132,AK,156,510,No,No,0,123.7,96,21.03,103.0,80,8.76,189.4,82,8.52,13.1,4,3.54,1,False
133,TX,97,415,Yes,No,0,143.7,117,24.43,273.0,82,23.21,178.3,81,8.02,10.9,3,2.94,0,False
134,HI,98,408,No,Yes,30,110.3,71,18.75,182.4,108,15.5,183.8,88,8.27,11.0,8,2.97,2,False
135,VT,43,408,No,No,0,135.8,125,23.09,163.2,88,13.87,229.8,106,10.34,12.6,3,3.4,0,False
136,WV,191,408,No,No,0,162.0,104,27.54,241.2,120,20.5,210.4,83,9.47,10.9,7,2.94,1,False
137,IA,79,415,No,Yes,17,167.9,114,28.54,243.7,93,20.71,211.9,114,9.54,9.1,2,2.46,1,False
138,NE,132,510,No,No,0,99.5,110,16.92,129.1,80,10.97,125.1,124,5.63,9.7,3,2.62,0,False
139,NJ,135,510,No,Yes,28,201.4,100,34.24,246.5,117,20.95,154.8,131,6.97,12.9,4,3.48,2,True
140,UT,103,415,No,No,0,189.8,110,32.27,115.5,83,9.82,191.3,103,8.61,12.2,4,3.29,0,False
141,MN,50,415,No,No,0,157.1,90,26.71,223.3,72,18.98,181.4,111,8.16,6.1,2,1.65,1,False
142,NJ,131,415,No,No,0,211.8,115,36.01,260.5,102,22.14,144.2,96,6.49,10.8,7,2.92,0,False
143,FL,100,510,No,No,0,107.0,63,18.19,105.7,67,8.98,243.1,74,10.94,12.8,3,3.46,4,True
144,NV,93,408,No,No,0,114.3,100,19.43,221.1,103,18.79,126.3,88,5.68,10.9,9,2.94,0,False
145,TN,70,510,No,No,0,126.3,99,21.47,141.6,106,12.04,255.9,96,11.52,9.6,2,2.59,0,False
146,PA,112,510,No,No,0,217.1,76,36.91,205.2,100,17.44,185.7,91,8.36,9.4,3,2.54,2,False
147,NY,75,415,No,Yes,21,175.8,97,29.89,217.5,106,18.49,237.5,134,10.69,5.3,4,1.43,5,False
148,NY,131,408,Yes,No,0,122.3,83,20.79,118.8,94,10.1,147.9,95,6.66,13.7,3,3.7,3,True
149,CT,115,415,No,No,0,245.0,97,41.65,250.7,75,21.31,270.2,124,12.16,13.7,8,3.7,1,True
150,MO,20,415,No,No,0,190.0,109,32.3,258.2,84,21.95,181.5,102,8.17,6.3,6,1.7,0,False
151,IA,168,408,No,No,0,128.8,96,21.9,104.9,71,8.92,141.1,128,6.35,11.2,2,3.02,1,False
152,HI,87,408,No,Yes,28,143.5,106,24.4,223.5,147,19.0,175.4,69,7.89,11.2,5,3.02,0,False
153,NC,75,408,No,No,0,203.3,70,34.56,228.9,97,19.46,222.2,118,10.0,14.3,3,3.86,1,False
154,NM,158,408,No,No,0,172.4,114,29.31,256.6,69,21.81,235.3,104,10.59,0.0,0,0.0,2,False
155,CO,74,415,No,No,0,225.2,93,38.28,215.1,120,18.28,241.8,95,10.88,9.1,2,2.46,2,False
156,ID,173,510,No,Yes,21,232.4,96,39.51,211.9,118,18.01,273.0,102,12.29,5.0,5,1.35,3,False
157,MT,132,408,No,No,0,195.1,100,33.17,148.8,95,12.65,224.5,117,10.1,6.7,2,1.81,0,False
158,MS,123,415,Yes,No,0,125.5,106,21.34,128.9,96,10.96,251.9,129,11.34,6.3,6,1.7,4,True
159,OK,104,415,No,No,0,113.6,87,19.31,158.6,98,13.48,187.7,87,8.45,10.5,6,2.84,2,False
160,MT,97,415,No,Yes,15,117.6,97,19.99,196.3,126,16.69,157.4,113,7.08,6.4,3,1.73,1,False
161,CT,107,408,No,No,0,103.4,94,17.58,189.3,125,16.09,227.2,125,10.22,14.4,3,3.89,1,False
162,NV,113,510,No,No,0,245.3,108,41.7,259.9,140,22.09,204.3,115,9.19,10.7,2,2.89,3,True
163,NE,155,408,No,Yes,21,195.9,91,33.3,213.9,84,18.18,88.2,111,3.97,8.6,4,2.32,0,False
164,NE,194,408,No,No,0,48.4,101,8.23,281.1,138,23.89,218.5,87,9.83,18.2,1,4.91,1,False
165,GA,64,510,No,No,0,216.9,78,36.87,211.0,115,17.94,179.8,116,8.09,11.4,5,3.08,3,False
166,SD,87,415,No,Yes,33,125.0,99,21.25,235.3,81,20.0,215.3,95,9.69,10.2,7,2.75,2,False
167,KY,73,510,No,No,0,234.7,102,39.9,195.7,110,16.63,253.4,71,11.4,8.4,8,2.27,2,False
168,OH,137,408,No,No,0,144.0,90,24.48,181.6,100,15.44,128.1,93,5.76,12.3,2,3.32,0,False
169,NE,154,415,No,No,0,191.4,93,32.54,205.4,119,17.46,205.7,121,9.26,10.2,3,2.75,3,False
170,MI,79,510,No,No,0,220.9,107,37.55,192.2,97,16.34,161.0,74,7.25,12.2,2,3.29,1,False
171,MT,100,415,No,No,0,96.5,86,16.41,210.2,133,17.87,146.4,106,6.59,12.5,3,3.38,1,True
172,WY,123,415,No,No,0,242.2,87,41.17,226.1,101,19.22,268.6,121,12.09,8.2,3,2.21,5,True
173,MN,116,408,No,No,0,197.9,84,33.64,168.1,113,14.29,239.8,145,10.79,12.0,6,3.24,1,False
174,WV,124,510,No,No,0,184.8,74,31.42,175.1,84,14.88,158.2,95,7.12,10.5,6,2.84,1,False
175,CT,152,408,No,Yes,20,239.1,105,40.65,209.1,111,17.77,268.2,130,12.07,13.3,3,3.59,5,False
176,IN,205,510,No,No,0,49.9,123,8.48,150.7,81,12.81,188.2,67,8.47,10.1,4,2.73,2,False
177,NY,140,415,No,No,0,235.5,81,40.04,257.2,130,21.86,103.1,111,4.64,11.5,4,3.11,2,False
178,MI,105,510,No,No,0,140.6,109,23.9,178.6,51,15.18,217.0,83,9.76,6.8,3,1.84,2,False
179,KY,131,415,No,No,0,166.5,129,28.31,210.2,107,17.87,257.2,93,11.57,9.9,5,2.67,1,False
180,RI,125,408,No,No,0,113.0,108,19.21,169.2,107,14.38,156.6,61,7.05,9.2,5,2.48,2,True
181,IL,57,415,No,Yes,30,179.2,105,30.46,283.2,83,24.07,228.1,77,10.26,14.7,5,3.97,1,False
182,WI,137,510,No,No,0,155.5,81,26.44,133.1,94,11.31,253.1,77,11.39,9.1,2,2.46,1,False
183,LA,43,415,No,No,0,241.9,101,41.12,129.4,121,11.0,264.8,104,11.92,5.9,3,1.59,1,False
184,GA,58,408,No,No,0,165.4,100,28.12,115.7,87,9.83,193.8,118,8.72,12.8,5,3.46,2,False
185,OH,160,415,No,No,0,206.3,66,35.07,241.1,109,20.49,227.8,102,10.25,11.7,6,3.16,0,False
186,OH,84,408,Yes,No,0,299.4,71,50.9,61.9,88,5.26,196.9,89,8.86,6.6,7,1.78,2,False
187,NC,127,415,No,Yes,25,82.2,95,13.97,163.3,109,13.88,264.9,104,11.92,5.1,6,1.38,0,False
188,MI,132,408,No,No,0,291.2,104,49.5,234.2,132,19.91,191.7,87,8.63,8.9,3,2.4,1,True
189,WY,32,408,No,No,0,171.2,82,29.1,185.6,102,15.78,203.3,64,9.15,10.2,7,2.75,1,False
190,AR,63,510,No,Yes,49,214.9,86,36.53,198.2,89,16.85,170.8,139,7.69,8.2,5,2.21,0,False
191,HI,105,415,No,No,0,211.1,99,35.89,176.7,66,15.02,221.5,96,9.97,14.7,7,3.97,4,False
192,OH,75,510,No,Yes,27,117.5,102,19.98,206.8,127,17.58,194.4,114,8.75,4.2,7,1.13,3,False
193,FL,85,408,Yes,No,0,116.2,86,19.75,229.7,127,19.52,204.2,109,9.19,10.1,3,2.73,3,False
194,NJ,96,510,No,No,0,150.0,122,25.5,218.5,116,18.57,212.4,89,9.56,9.8,1,2.65,3,False
195,NJ,182,415,No,No,0,279.1,124,47.45,180.5,108,15.34,217.5,104,9.79,9.5,11,2.57,2,True
196,NJ,59,510,Yes,Yes,31,225.0,78,38.25,191.3,79,16.26,226.7,79,10.2,9.1,3,2.46,1,False
197,SD,93,510,No,No,0,328.1,106,55.78,151.7,89,12.89,303.5,114,13.66,8.7,3,2.35,1,True
198,NM,104,415,No,No,0,164.2,109,27.91,155.4,90,13.21,168.9,117,7.6,10.7,8,2.89,1,False
199,NC,127,510,No,No,0,134.9,79,22.93,221.5,114,18.83,113.8,118,5.12,15.0,2,4.05,1,False
200,NY,168,408,No,No,0,163.4,134,27.78,240.1,87,20.41,164.0,147,7.38,11.6,2,3.13,2,True
201,WY,125,415,No,No,0,140.1,132,23.82,209.6,126,17.82,264.1,77,11.88,8.0,2,2.16,1,False
202,TX,79,415,No,No,0,144.0,90,24.48,135.8,91,11.54,212.4,129,9.56,13.0,4,3.51,1,False
203,WY,146,415,No,Yes,11,180.7,82,30.72,173.7,90,14.76,231.5,89,10.42,10.1,4,2.73,2,False
204,VT,113,415,No,No,0,272.1,111,46.26,268.5,118,22.82,213.8,105,9.62,8.5,10,2.3,1,True
205,IL,91,415,No,No,0,189.3,100,32.18,239.3,107,20.34,89.7,89,4.04,9.9,3,2.67,3,False
206,MO,66,415,No,Yes,36,106.7,76,18.14,209.8,77,17.83,190.4,117,8.57,12.1,2,3.27,1,False
207,ID,87,415,No,No,0,156.8,93,26.66,215.8,68,18.34,223.3,77,10.05,7.6,6,2.05,1,False
208,MO,101,415,Yes,No,0,133.5,51,22.7,219.6,96,18.67,210.0,74,9.45,11.7,4,3.16,1,False
209,MS,162,415,No,No,0,70.7,108,12.02,157.5,87,13.39,154.8,82,6.97,9.1,3,2.46,4,True
210,MO,101,415,No,Yes,29,121.1,116,20.59,186.4,100,15.84,241.7,75,10.88,10.1,6,2.73,0,False
211,IN,100,415,No,Yes,32,125.2,123,21.28,230.9,101,19.63,192.0,106,8.64,12.6,9,3.4,3,False
212,NE,95,510,No,No,0,58.2,96,9.89,202.1,126,17.18,210.5,97,9.47,10.4,5,2.81,0,False
213,NJ,113,415,No,No,0,186.0,55,31.62,237.4,105,20.18,148.1,83,6.66,12.2,6,3.29,1,False
214,AL,76,415,No,No,0,179.2,85,30.46,222.9,66,18.95,188.2,113,8.47,12.4,2,3.35,0,False
215,FL,161,415,Yes,No,0,156.1,114,26.54,180.3,63,15.33,179.6,115,8.08,11.1,9,3.0,2,False
216,WI,116,415,No,Yes,35,200.4,104,34.07,272.8,89,23.19,214.5,100,9.65,8.3,4,2.24,1,False
217,OH,147,415,Yes,Yes,24,219.9,118,37.38,208.5,116,17.72,352.5,111,15.86,8.1,4,2.19,3,False
218,RI,73,415,No,No,0,241.7,115,41.09,168.5,133,14.32,169.8,122,7.64,11.1,2,3.0,2,False
219,ME,79,415,No,No,0,213.6,110,36.31,234.9,121,19.97,229.6,157,10.33,8.8,3,2.38,2,False
220,NV,143,415,No,No,0,209.1,127,35.55,106.1,80,9.02,179.6,90,8.08,14.0,6,3.78,0,False
221,MI,120,408,No,No,0,165.0,100,28.05,317.2,83,26.96,119.2,86,5.36,8.3,8,2.24,1,False
222,FL,102,408,No,Yes,29,214.7,86,36.5,314.3,109,26.72,280.2,110,12.61,14.3,2,3.86,0,False
223,AK,76,415,No,No,0,143.7,55,24.43,173.1,108,14.71,239.1,95,10.76,5.8,6,1.57,1,False
224,TX,140,408,No,No,0,194.8,107,33.12,170.9,99,14.53,225.1,93,10.13,13.9,4,3.75,0,False
225,IL,68,415,Yes,Yes,29,195.5,113,33.24,171.6,96,14.59,204.0,85,9.18,13.5,9,3.65,1,True
226,IA,64,415,No,Yes,43,118.4,100,20.13,144.1,108,12.25,158.1,91,7.11,8.5,6,2.3,1,False
227,VA,158,415,No,No,0,222.8,101,37.88,203.0,128,17.26,210.6,106,9.48,6.9,2,1.86,2,False
228,MA,120,415,No,No,0,137.3,100,23.34,212.2,129,18.04,152.7,92,6.87,10.5,2,2.84,1,False
229,FL,106,408,No,Yes,32,165.9,126,28.2,216.5,93,18.4,173.1,86,7.79,14.1,8,3.81,4,False
230,HI,149,510,No,No,0,166.6,61,28.32,218.8,107,18.6,208.3,131,9.37,8.2,6,2.21,7,False
231,WY,41,510,No,No,0,223.8,67,38.05,244.8,74,20.81,223.8,156,10.07,12.3,5,3.32,3,False
232,DC,148,415,No,Yes,38,209.2,110,35.56,116.6,73,9.91,109.6,105,4.93,16.5,4,4.46,2,False
233,RI,65,415,No,Yes,29,215.5,129,36.64,161.9,77,13.76,128.3,91,5.77,8.8,5,2.38,2,False
234,MA,121,510,No,Yes,24,218.2,88,37.09,348.5,108,29.62,212.6,118,9.57,7.5,7,2.03,3,False
235,NH,141,415,No,Yes,32,322.4,92,54.81,283.2,107,24.07,209.5,111,9.43,6.7,3,1.81,1,True
236,NJ,156,408,No,Yes,27,192.3,137,32.69,199.9,115,16.99,244.2,112,10.99,14.8,8,4.0,1,False
237,OK,88,408,No,No,0,65.4,97,11.12,168.2,76,14.3,236.0,113,10.62,13.8,1,3.73,2,False
238,ND,110,415,No,No,0,135.1,109,22.97,205.2,99,17.44,166.3,119,7.48,11.7,4,3.16,1,False
239,WA,103,415,No,No,0,204.9,107,34.83,135.2,102,11.49,208.2,106,9.37,10.4,3,2.81,5,False
240,DE,62,408,No,No,0,182.3,101,30.99,328.2,93,27.9,245.0,131,11.03,11.2,1,3.02,2,False
241,UT,83,510,No,No,0,208.9,71,35.51,214.8,92,18.26,247.9,108,11.16,13.0,5,3.51,1,False
242,AR,116,415,No,Yes,23,253.0,78,43.01,138.9,121,11.81,277.8,104,12.5,11.8,3,3.19,2,False
243,CT,95,415,No,No,0,198.4,113,33.73,235.9,144,20.05,325.6,99,14.65,10.1,3,2.73,0,False
244,SD,55,415,No,No,0,245.5,130,41.74,192.7,54,16.38,141.7,83,6.38,9.1,4,2.46,1,False
245,SC,88,510,No,No,0,73.3,86,12.46,161.4,82,13.72,239.6,76,10.78,8.2,3,2.21,4,True
246,VT,109,408,No,No,0,222.2,113,37.77,218.5,122,18.57,266.0,88,11.97,10.9,5,2.94,1,False
247,NY,147,510,No,Yes,33,251.5,107,42.76,234.1,110,19.9,213.4,87,9.6,10.4,6,2.81,3,False
248,UT,44,415,No,No,0,202.6,89,34.44,163.0,96,13.86,268.1,151,12.06,8.3,3,2.24,0,False
249,MI,225,415,No,No,0,165.4,106,28.12,273.7,109,23.26,210.0,93,9.45,8.7,3,2.35,0,True
250,CA,112,415,No,No,0,111.9,92,19.02,114.0,143,9.69,146.8,79,6.61,14.1,3,3.81,5,True
251,WY,114,415,No,Yes,32,125.2,79,21.28,177.8,105,15.11,232.4,89,10.46,12.9,3,3.48,1,False
252,WI,87,415,No,No,0,238.0,97,40.46,164.5,97,13.98,282.5,132,12.71,10.6,6,2.86,2,False
253,CO,181,510,No,Yes,40,105.2,61,17.88,341.3,79,29.01,165.7,97,7.46,6.3,3,1.7,2,False
254,WV,80,415,No,No,0,151.5,89,25.76,131.7,78,11.19,235.3,131,10.59,11.8,4,3.19,0,False
255,ID,99,415,No,No,0,145.6,106,24.75,98.3,106,8.36,230.8,83,10.39,10.9,5,2.94,1,False
256,WI,107,510,No,Yes,25,248.6,91,42.26,119.3,115,10.14,194.3,83,8.74,12.0,1,3.24,1,False
257,OH,69,415,No,No,0,227.0,122,38.59,258.7,111,21.99,169.7,87,7.64,8.9,1,2.4,2,False
258,NV,124,408,No,No,0,151.1,123,25.69,187.4,104,15.93,255.4,93,11.49,5.3,3,1.43,1,False
259,AZ,100,415,No,No,0,131.1,108,22.29,176.2,81,14.98,89.7,81,4.04,4.3,4,1.16,1,False
260,UT,111,510,No,No,0,191.3,80,32.52,138.5,94,11.77,246.0,107,11.07,6.4,3,1.73,2,False
261,AL,182,415,No,Yes,24,128.1,104,21.78,143.4,127,12.19,191.0,98,8.59,11.6,3,3.13,1,False
262,WA,40,415,No,Yes,41,148.1,74,25.18,169.5,88,14.41,214.1,102,9.63,6.2,5,1.67,2,False
263,IN,78,415,No,No,0,208.9,119,35.51,252.4,132,21.45,280.2,120,12.61,12.8,7,3.46,0,False
264,OR,112,510,No,No,0,206.2,122,35.05,164.5,94,13.98,140.3,101,6.31,12.6,7,3.4,3,False
265,NM,93,510,No,Yes,21,117.9,131,20.04,164.5,115,13.98,217.0,86,9.76,9.8,3,2.65,1,False
266,MD,117,415,No,Yes,23,198.1,86,33.68,177.0,86,15.05,180.5,92,8.12,6.8,6,1.84,1,False
267,MS,114,415,No,Yes,34,154.4,109,26.25,221.4,142,18.82,208.5,103,9.38,10.3,5,2.78,0,False
268,RI,76,415,No,No,0,171.1,78,29.09,257.2,83,21.86,91.6,92,4.12,16.2,3,4.37,1,False
269,MS,193,415,No,No,0,170.9,124,29.05,132.3,95,11.25,112.9,89,5.08,11.6,3,3.13,1,False
270,SC,99,415,No,Yes,33,179.1,93,30.45,238.3,102,20.26,165.7,96,7.46,10.6,1,2.86,2,False
271,NY,148,408,No,No,0,208.4,120,35.43,174.4,99,14.82,310.7,105,13.98,11.2,4,3.02,1,False
272,NY,44,510,No,No,0,143.2,77,24.34,169.8,114,14.43,215.8,77,9.71,7.6,4,2.05,1,False
273,LA,149,415,No,Yes,20,198.9,77,33.81,274.0,88,23.29,190.7,76,8.58,14.3,9,3.86,1,False
274,HI,155,415,Yes,Yes,26,211.7,121,35.99,139.2,123,11.83,146.7,89,6.6,11.1,3,3.0,1,False
275,MN,161,415,No,Yes,39,218.5,76,37.15,112.7,94,9.58,205.1,121,9.23,7.3,4,1.97,1,False
276,OH,124,510,No,No,0,193.0,97,32.81,89.8,99,7.63,172.8,104,7.78,15.3,3,4.13,1,False
277,HI,108,415,No,No,0,291.6,99,49.57,221.1,93,18.79,229.2,110,10.31,14.0,9,3.78,2,True
278,MA,81,510,No,No,0,220.8,77,37.54,148.5,87,12.62,183.9,100,8.28,7.6,3,2.05,2,False
279,MN,38,510,No,No,0,175.7,109,29.87,211.8,97,18.0,137.9,109,6.21,9.2,3,2.48,5,True
280,PA,174,415,No,Yes,15,221.8,143,37.71,210.6,115,17.9,221.8,109,9.98,12.4,9,3.35,1,False
281,KS,36,510,No,No,0,178.6,83,30.36,213.1,103,18.11,198.0,119,8.91,10.9,5,2.94,1,False
282,CT,48,415,No,No,0,171.9,98,29.22,159.0,127,13.52,139.5,101,6.28,7.6,3,2.05,2,False
283,MA,58,408,No,No,0,174.4,112,29.65,265.8,122,22.59,182.4,87,8.21,0.0,0,0.0,4,False
284,WV,72,510,No,Yes,33,96.6,59,16.42,315.4,98,26.81,163.3,117,7.35,6.2,4,1.67,4,True
285,LA,99,510,No,No,0,142.3,89,24.19,204.5,95,17.38,203.1,114,9.14,9.1,1,2.46,0,False
286,NE,91,510,No,No,0,159.0,109,27.03,255.1,142,21.68,82.4,73,3.71,10.1,4,2.73,0,False
287,SC,1,415,No,Yes,26,146.6,68,24.92,172.8,67,14.69,173.8,113,7.82,10.0,2,2.7,1,False
288,KS,52,415,No,No,0,165.5,78,28.14,205.5,89,17.47,213.6,124,9.61,12.2,6,3.29,0,False
289,NC,182,415,No,No,0,279.5,118,47.52,203.2,113,17.27,174.2,101,7.84,10.7,4,2.89,2,True
290,TX,57,415,No,No,0,161.0,113,27.37,208.0,134,17.68,208.1,81,9.36,8.4,4,2.27,3,False
291,DC,88,415,No,Yes,17,219.5,78,37.32,222.1,94,18.88,188.3,92,8.47,16.1,5,4.35,1,False
292,KY,119,510,No,No,0,222.8,122,37.88,163.2,107,13.87,160.6,112,7.23,11.2,6,3.02,1,False
293,AR,36,415,No,No,0,157.6,117,26.79,184.3,58,15.67,240.4,99,10.82,11.9,1,3.21,0,False
294,OR,155,408,No,Yes,30,128.5,86,21.85,188.4,91,16.01,254.4,85,11.45,6.8,6,1.84,1,False
295,ID,103,415,No,No,0,174.7,151,29.7,148.0,56,12.58,168.2,109,7.57,15.8,3,4.27,6,True
296,WV,75,415,No,No,0,111.7,121,18.99,237.3,119,20.17,253.5,110,11.41,13.1,6,3.54,1,False
297,WV,44,510,No,No,0,228.1,121,38.78,276.5,79,23.5,279.8,77,12.59,9.9,5,2.67,2,True
298,OR,136,510,No,No,0,259.4,99,44.1,172.7,125,14.68,293.7,78,13.22,10.7,6,2.89,1,True
299,OK,75,415,Yes,No,0,166.7,113,28.34,148.3,122,12.61,186.9,121,8.41,10.1,3,2.73,3,False
300,UT,61,415,Yes,Yes,29,128.2,119,21.79,171.7,83,14.59,250.9,114,11.29,11.7,6,3.16,3,False
301,IN,140,415,No,No,0,160.5,114,27.29,240.5,103,20.44,233.5,121,10.51,11.3,4,3.05,1,False
302,WI,120,408,No,Yes,26,239.4,94,40.7,259.4,88,22.05,238.0,132,10.71,7.7,3,2.08,0,False
303,NC,130,408,Yes,No,0,216.2,106,36.75,363.7,86,30.91,126.7,123,5.7,16.9,2,4.56,5,True
304,AR,138,510,No,No,0,146.5,101,24.91,284.5,142,24.18,176.0,98,7.92,14.0,6,3.78,3,False
305,OK,86,415,No,Yes,33,253.1,112,43.03,210.1,94,17.86,95.0,98,4.27,11.9,4,3.21,3,False
306,MT,54,415,No,No,0,272.6,83,46.34,248.7,74,21.14,197.4,111,8.88,9.5,2,2.57,1,True
307,FL,106,408,No,No,0,178.4,143,30.33,247.0,123,21.0,259.9,105,11.7,9.6,2,2.59,0,False
308,HI,99,415,No,No,0,62.9,81,10.69,231.0,64,19.64,168.9,121,7.6,8.5,5,2.3,1,False
309,WI,142,510,No,No,0,232.1,102,39.46,168.2,110,14.3,197.3,120,8.88,9.9,3,2.67,1,False
310,AK,48,415,No,Yes,37,211.7,115,35.99,159.9,84,13.59,144.1,80,6.48,12.2,1,3.29,1,False
311,AL,137,415,No,No,0,104.7,115,17.8,249.8,144,21.23,192.3,99,8.65,8.9,2,2.4,1,False
312,NJ,35,408,No,No,0,158.6,67,26.96,130.4,96,11.08,229.8,80,10.34,6.9,5,1.86,2,False
313,CO,98,408,No,No,0,236.2,122,40.15,189.4,110,16.1,153.6,104,6.91,13.3,4,3.59,0,False
314,CT,134,408,No,No,0,177.2,91,30.12,228.7,105,19.44,194.3,113,8.74,8.9,3,2.4,2,False
315,VA,103,510,No,No,0,167.8,121,28.53,212.9,123,18.1,208.2,73,9.37,13.0,3,3.51,5,False
316,ND,166,510,No,No,0,197.9,89,33.64,251.0,113,21.34,138.3,85,6.22,11.2,2,3.02,2,False
317,UT,104,408,No,No,0,263.4,101,44.78,235.5,117,20.02,102.0,146,4.59,13.0,4,3.51,0,False
318,ME,118,408,Yes,Yes,21,156.5,122,26.61,209.2,125,17.78,158.7,81,7.14,11.1,3,3.0,4,True
319,AL,106,415,No,No,0,223.0,121,37.91,110.1,98,9.36,188.7,107,8.49,7.1,12,1.92,0,False
320,VA,77,510,No,No,0,144.9,136,24.63,151.3,115,12.86,252.4,73,11.36,12.3,3,3.32,2,False
321,RI,75,415,No,No,0,122.8,89,20.88,211.3,104,17.96,261.4,91,11.76,10.7,2,2.89,2,False
322,MD,147,408,No,No,0,274.0,92,46.58,231.8,82,19.7,283.6,83,12.76,6.2,1,1.67,0,True
323,KY,135,510,No,No,0,144.1,115,24.5,249.8,68,21.23,211.4,82,9.51,13.6,3,3.67,1,False
324,NJ,136,408,No,Yes,27,187.7,84,31.91,221.0,147,18.79,145.7,110,6.56,10.0,4,2.7,3,False
325,AK,61,415,No,Yes,15,252.4,106,42.91,187.8,69,15.96,259.6,137,11.68,10.0,3,2.7,2,False
326,MS,103,510,No,Yes,29,164.1,111,27.9,219.1,96,18.62,220.3,108,9.91,12.3,9,3.32,0,False
327,AL,112,510,No,No,0,189.4,83,32.2,219.0,89,18.62,168.0,116,7.56,7.1,8,1.92,3,False
328,AK,78,510,No,No,0,190.3,88,32.35,194.5,89,16.53,256.5,109,11.54,11.7,5,3.16,2,False
329,FL,84,510,No,No,0,191.0,88,32.47,318.8,119,27.1,247.3,79,11.13,6.5,4,1.76,0,False
330,WI,93,415,No,No,0,152.1,141,25.86,215.5,107,18.32,262.4,111,11.81,12.0,7,3.24,1,False
331,MI,61,415,No,Yes,33,270.7,53,46.02,200.7,116,17.06,201.7,102,9.08,10.9,3,2.94,3,False
332,CA,37,415,No,No,0,191.1,69,32.49,129.2,113,10.98,207.5,117,9.34,12.9,1,3.48,0,False
333,NC,133,408,Yes,Yes,32,221.1,137,37.59,264.9,99,22.52,168.9,108,7.6,15.4,4,4.16,2,True
334,DC,55,510,Yes,No,0,106.1,77,18.04,123.5,100,10.5,96.4,92,4.34,12.9,3,3.48,0,False
335,IL,71,510,Yes,No,0,186.1,114,31.64,198.6,140,16.88,206.5,80,9.29,13.8,5,3.73,4,True
336,UT,112,415,No,No,0,115.8,108,19.69,243.3,111,20.68,184.6,78,8.31,13.1,5,3.54,1,False
337,NY,77,415,No,Yes,33,143.0,101,24.31,212.2,102,18.04,104.9,120,4.72,15.3,4,4.13,5,True
338,NV,69,510,Yes,Yes,33,271.5,98,46.16,253.4,102,21.54,165.4,85,7.44,8.2,2,2.21,1,True
339,KY,74,510,Yes,No,0,125.8,103,21.39,207.7,96,17.65,207.4,143,9.33,14.1,4,3.81,1,True
340,WY,33,415,No,No,0,213.9,88,36.36,239.8,119,20.38,148.7,71,6.69,9.8,14,2.65,2,False
341,MT,72,415,No,No,0,253.0,73,43.01,219.3,78,18.64,210.8,89,9.49,9.8,4,2.65,0,False
342,NE,77,415,No,No,0,169.4,102,28.8,184.9,144,15.72,234.3,89,10.54,2.0,7,0.54,1,False
343,CT,125,415,Yes,No,0,187.3,118,31.84,160.7,111,13.66,263.8,112,11.87,9.6,2,2.59,0,True
344,MO,101,415,Yes,No,0,156.4,116,26.59,130.4,114,11.08,207.3,109,9.33,7.3,5,1.97,1,False
345,SC,78,415,No,No,0,109.5,105,18.62,286.1,90,24.32,247.6,113,11.14,4.9,9,1.32,1,False
346,DE,133,510,No,No,0,245.8,102,41.79,264.7,90,22.5,111.7,103,5.03,11.2,7,3.02,0,False
347,CO,59,510,No,No,0,153.6,92,26.11,205.5,88,17.47,114.5,89,5.15,12.5,10,3.38,1,False
348,IN,114,408,No,No,0,203.8,85,34.65,87.8,110,7.46,166.2,122,7.48,11.7,4,3.16,1,False
349,NM,87,510,Yes,No,0,167.3,119,28.44,198.5,119,16.87,133.1,88,5.99,11.0,6,2.97,1,False
350,KY,107,415,No,No,0,157.1,79,26.71,162.6,124,13.82,150.0,138,6.75,12.1,6,3.27,1,False
351,TX,82,408,No,No,0,200.3,96,34.05,201.2,102,17.1,206.1,60,9.27,7.1,1,1.92,4,False
352,FL,98,408,No,No,0,288.1,101,48.98,137.9,93,11.72,206.5,88,9.29,0.0,0,0.0,0,False
353,ND,81,408,Yes,Yes,37,237.1,76,40.31,264.2,125,22.46,271.3,120,12.21,7.9,3,2.13,1,False
354,AL,141,510,No,Yes,28,308.0,123,52.36,247.8,128,21.06,152.9,103,6.88,7.4,3,2.0,1,False
355,OK,89,510,No,No,0,303.9,95,51.66,260.9,114,22.18,312.1,89,14.04,5.3,3,1.43,1,True
356,NC,112,415,No,No,0,193.3,96,32.86,264.1,123,22.45,128.6,115,5.79,9.1,3,2.46,4,False
357,IL,70,408,No,No,0,208.7,97,35.48,275.5,83,23.42,182.5,122,8.21,8.0,3,2.16,2,False
358,MA,132,415,No,No,0,117.6,66,19.99,214.0,108,18.19,239.5,94,10.78,8.8,5,2.38,1,False
359,VA,114,415,Yes,Yes,31,174.5,104,29.67,224.2,92,19.06,116.3,91,5.23,12.3,10,3.32,2,False
360,VT,48,510,No,No,0,188.4,63,32.03,165.9,89,14.1,205.7,71,9.26,13.2,2,3.56,1,False
361,MD,135,408,Yes,Yes,41,173.1,85,29.43,203.9,107,17.33,122.2,78,5.5,14.6,15,3.94,0,True
362,SC,64,510,No,Yes,40,210.0,116,35.7,232.7,89,19.78,168.8,94,7.6,5.9,4,1.59,8,False
363,KY,72,415,No,No,0,198.4,147,33.73,216.9,121,18.44,112.8,125,5.08,13.1,4,3.54,0,False
364,KS,128,510,No,No,0,268.1,95,45.58,120.5,126,10.24,220.8,121,9.94,14.4,6,3.89,2,False
365,MA,66,415,No,No,0,116.4,98,19.79,95.6,74,8.13,181.5,94,8.17,10.5,3,2.84,3,False
366,DC,45,415,No,No,0,96.1,103,16.34,246.8,134,20.98,229.7,92,10.34,9.7,4,2.62,1,False
367,NC,190,408,No,No,0,182.2,101,30.97,212.3,95,18.05,233.0,123,10.49,9.3,4,2.51,2,False
368,MN,84,415,No,No,0,216.1,114,36.74,197.5,107,16.79,217.8,104,9.8,9.8,3,2.65,1,False
369,WA,100,408,No,No,0,70.8,94,12.04,215.6,102,18.33,230.8,125,10.39,9.5,1,2.57,6,True
370,AZ,97,408,No,No,0,169.7,84,28.85,165.9,86,14.1,191.9,83,8.64,12.8,6,3.46,3,False
371,IA,73,415,No,No,0,137.1,102,23.31,210.8,114,17.92,191.4,120,8.61,11.1,4,3.0,1,False
372,KS,131,415,No,Yes,28,249.6,87,42.43,227.2,138,19.31,239.9,92,10.8,7.6,3,2.05,3,False
373,AZ,113,510,No,No,0,81.3,116,13.82,220.6,124,18.75,235.7,113,10.61,8.9,3,2.4,0,False
374,AK,51,510,Yes,Yes,12,135.8,60,23.09,200.6,134,17.05,192.4,98,8.66,12.3,7,3.32,2,False
375,MI,83,510,No,Yes,26,226.4,117,38.49,234.7,97,19.95,133.6,82,6.01,10.8,7,2.92,1,False
376,WA,81,415,No,No,0,183.6,116,31.21,152.6,98,12.97,212.2,99,9.55,12.2,6,3.29,3,False
377,OR,142,510,No,Yes,22,224.4,114,38.15,146.0,106,12.41,241.4,98,10.86,8.8,2,2.38,1,False
378,VA,102,408,No,No,0,156.5,67,26.61,204.3,103,17.37,141.9,72,6.39,9.9,2,2.67,2,False
379,OR,129,510,No,Yes,36,192.8,103,32.78,177.0,83,15.05,216.5,118,9.74,16.4,5,4.43,1,False
380,NM,141,415,No,Yes,28,206.9,126,35.17,264.4,126,22.47,171.8,124,7.73,9.3,11,2.51,2,False
381,IA,52,408,No,No,0,191.9,108,32.62,269.8,96,22.93,236.8,87,10.66,7.8,5,2.11,3,False
382,DC,130,510,No,No,0,132.4,81,22.51,200.3,110,17.03,202.5,103,9.11,6.0,1,1.62,2,False
383,WV,109,415,No,No,0,180.0,100,30.6,229.0,103,19.47,139.4,105,6.27,7.8,8,2.11,3,False
384,OR,94,415,No,No,0,234.4,103,39.85,279.3,109,23.74,234.2,121,10.54,2.0,2,0.54,1,True
385,GA,50,408,No,Yes,24,214.3,129,36.43,289.8,55,24.63,312.5,130,14.06,10.6,4,2.86,1,False
386,AZ,94,415,No,No,0,220.8,111,37.54,156.2,67,13.28,187.9,89,8.46,10.5,4,2.84,2,False
387,TX,217,408,No,No,0,176.4,115,29.99,158.8,128,13.5,306.6,107,13.8,9.3,3,2.51,4,False
388,MS,124,415,No,No,0,251.5,85,42.76,214.2,98,18.21,186.1,71,8.37,11.1,6,3.0,3,False
389,OH,63,415,Yes,Yes,36,199.0,110,33.83,291.3,111,24.76,197.6,92,8.89,11.0,6,2.97,1,False
390,ID,128,408,No,No,0,125.2,99,21.28,205.4,107,17.46,254.4,111,11.45,18.9,2,5.1,0,False
391,GA,89,415,No,No,0,213.0,63,36.21,176.6,71,15.01,262.6,126,11.82,9.1,1,2.46,1,True
392,OH,83,415,No,Yes,25,191.3,95,32.52,250.7,136,21.31,249.4,86,11.22,17.6,5,4.75,2,False
393,MS,121,415,No,Yes,21,126.3,84,21.47,209.6,102,17.82,192.5,129,8.66,10.6,2,2.86,1,False
394,AL,88,415,No,No,0,181.9,90,30.92,151.5,87,12.88,143.0,100,6.44,7.5,3,2.03,1,False
395,WI,111,415,No,Yes,36,166.2,54,28.25,238.8,109,20.3,108.8,92,4.9,11.2,2,3.02,3,False
396,AZ,158,510,No,No,0,205.2,97,34.88,240.6,77,20.45,79.7,108,3.59,14.4,12,3.89,0,False
397,NM,122,408,No,Yes,33,174.9,103,29.73,248.2,105,21.1,164.6,116,7.41,13.5,3,3.65,1,True
398,IN,117,415,Yes,Yes,22,196.0,82,33.32,322.7,82,27.43,225.6,120,10.15,3.7,5,1.0,1,False
399,OR,163,408,No,Yes,25,219.6,99,37.33,210.4,99,17.88,242.7,88,10.92,13.8,8,3.73,2,False
400,SD,128,415,No,No,0,247.3,91,42.04,182.7,60,15.53,143.2,112,6.44,14.7,2,3.97,3,False
401,IN,104,408,No,No,0,280.4,127,47.67,179.4,79,15.25,150.6,77,6.78,15.2,6,4.1,5,False
402,VT,157,510,No,No,0,168.6,71,28.66,205.1,48,17.43,175.8,88,7.91,5.9,2,1.59,3,False
403,NY,99,415,No,No,0,182.6,83,31.04,154.5,111,13.13,196.0,57,8.82,12.1,5,3.27,0,False
404,HI,111,408,No,Yes,13,193.1,104,32.83,111.6,98,9.49,227.4,94,10.23,12.1,4,3.27,1,False
405,NV,121,408,No,Yes,44,116.0,85,19.72,150.1,120,12.76,246.8,98,11.11,12.0,2,3.24,1,False
406,GA,109,510,No,Yes,35,230.5,116,39.19,265.8,130,22.59,269.7,69,12.14,10.6,6,2.86,5,False
407,WV,68,415,No,No,0,231.1,57,39.29,153.4,55,13.04,191.3,123,8.61,9.6,4,2.59,3,False
408,WV,93,415,No,No,0,141.7,95,24.09,221.0,100,18.79,227.1,71,10.22,10.2,3,2.75,0,False
409,CO,81,408,No,No,0,115.3,99,19.6,224.7,117,19.1,152.5,98,6.86,18.0,2,4.86,1,False
410,IL,85,415,No,Yes,29,144.6,97,24.58,140.0,102,11.9,165.4,148,7.44,10.9,3,2.94,1,False
411,NY,68,415,No,Yes,29,239.5,82,40.72,203.8,105,17.32,167.8,70,7.55,9.9,6,2.67,0,False
412,CT,30,408,No,No,0,137.6,108,23.39,162.0,80,13.77,187.7,126,8.45,5.8,10,1.57,3,False
413,IN,100,510,No,No,0,247.8,117,42.13,130.0,95,11.05,134.3,125,6.04,6.9,2,1.86,1,False
414,LA,95,415,No,No,0,141.1,84,23.99,211.4,108,17.97,103.7,127,4.67,5.9,6,1.59,3,False
415,CT,146,408,No,Yes,23,149.6,96,25.43,239.8,124,20.38,293.5,135,13.21,7.4,4,2.0,2,False
416,WV,124,415,No,No,0,157.4,107,26.76,167.8,112,14.26,188.8,102,8.5,8.8,3,2.38,3,False
417,MD,45,415,No,No,0,78.2,127,13.29,253.4,108,21.54,255.0,100,11.48,18.0,3,4.86,1,False
418,NV,160,415,No,No,0,176.2,90,29.95,196.0,115,16.66,263.9,95,11.88,9.2,4,2.48,1,False
419,ME,99,415,No,No,0,222.4,102,37.81,185.8,89,15.79,237.7,81,10.7,12.0,8,3.24,2,False
420,DE,64,415,No,Yes,27,201.3,101,34.22,143.8,89,12.22,150.2,127,6.76,12.3,3,3.32,1,False
421,OR,117,415,No,Yes,17,221.3,82,37.62,167.6,100,14.25,262.7,87,11.82,4.4,4,1.19,0,False
422,MO,167,415,Yes,No,0,244.8,91,41.62,60.8,105,5.17,176.7,110,7.95,10.7,3,2.89,2,False
423,MD,165,415,No,Yes,39,167.4,113,28.46,172.7,94,14.68,192.6,113,8.67,9.5,4,2.57,3,False
424,AZ,82,415,No,Yes,33,137.8,95,23.43,235.5,128,20.02,268.1,70,12.06,11.0,6,2.97,2,False
425,MN,79,408,No,Yes,32,50.6,62,8.6,201.4,87,17.12,146.8,121,6.61,4.2,4,1.13,2,False
426,SD,95,408,No,Yes,20,165.7,78,28.17,215.6,94,18.33,243.3,91,10.95,9.8,6,2.65,0,False
427,MI,142,415,Yes,No,0,140.8,140,23.94,228.6,119,19.43,152.9,88,6.88,10.9,7,2.94,1,False
428,SC,41,415,No,No,0,143.6,117,24.41,152.4,108,12.95,194.4,110,8.75,8.6,3,2.32,1,False
429,LA,9,415,No,Yes,39,214.1,108,36.4,169.2,115,14.38,189.7,117,8.54,10.1,3,2.73,1,False
430,AZ,113,415,No,Yes,32,180.4,89,30.67,129.4,124,11.0,166.9,124,7.51,8.4,2,2.27,1,False
431,KS,120,510,No,No,0,158.0,110,26.86,197.0,103,16.75,154.9,132,6.97,10.0,5,2.7,1,False
432,MD,18,408,No,No,0,273.6,93,46.51,114.6,116,9.74,250.6,120,11.28,8.2,4,2.21,1,False
433,TX,84,408,No,No,0,138.6,102,23.56,199.0,93,16.92,204.1,137,9.18,7.8,4,2.11,0,False
434,AL,25,408,No,No,0,264.9,80,45.03,281.2,66,23.9,166.1,80,7.47,8.4,4,2.27,1,True
435,KS,84,415,No,No,0,225.9,86,38.4,275.6,105,23.43,201.4,108,9.06,14.3,3,3.86,3,True
436,NV,144,415,Yes,No,0,150.0,69,25.5,285.9,73,24.3,190.6,121,8.58,9.4,15,2.54,0,False
437,HI,115,415,No,Yes,33,145.0,72,24.65,194.5,157,16.53,242.3,138,10.9,14.2,3,3.83,2,False
438,TX,28,415,No,No,0,159.7,79,27.15,216.7,131,18.42,206.7,116,9.3,9.3,3,2.51,2,False
439,RI,138,510,Yes,No,0,286.2,61,48.65,187.2,60,15.91,146.2,114,6.58,11.0,4,2.97,2,True
440,NJ,83,415,No,No,0,178.8,102,30.4,167.9,84,14.27,178.9,65,8.05,8.6,4,2.32,3,False
441,WI,92,415,No,No,0,157.7,101,26.81,298.6,100,25.38,216.9,99,9.76,13.8,3,3.73,1,False
442,MS,190,415,Yes,No,0,111.9,55,19.02,223.0,124,18.96,243.2,81,10.94,10.0,7,2.7,3,False
443,KY,122,415,No,No,0,168.3,96,28.61,87.6,91,7.45,247.2,87,11.12,8.4,6,2.27,1,False
444,OK,101,408,No,No,0,89.7,118,15.25,260.1,79,22.11,170.1,93,7.65,13.5,11,3.65,5,True
445,MS,96,510,No,No,0,98.2,100,16.69,307.2,88,26.11,182.5,120,8.21,7.6,1,2.05,2,False
446,OK,127,510,No,Yes,27,2.6,113,0.44,254.0,102,21.59,242.7,156,10.92,9.2,5,2.48,3,False
447,WI,127,415,No,No,0,218.6,93,37.16,149.9,130,12.74,204.6,131,9.21,9.2,5,2.48,2,False
448,LA,172,415,No,No,0,215.7,140,36.67,146.3,84,12.44,264.6,83,11.91,7.1,1,1.92,3,False
449,FL,185,408,No,No,0,55.6,97,9.45,288.7,83,24.54,111.2,110,5.0,12.1,3,3.27,2,False
450,OH,123,408,No,No,0,105.0,150,17.85,251.6,90,21.39,258.0,93,11.61,14.9,5,4.02,0,False
451,AL,91,510,No,Yes,23,232.4,97,39.51,186.0,88,15.81,190.5,128,8.57,12.3,3,3.32,3,False
452,CT,22,408,No,No,0,207.7,116,35.31,210.6,99,17.9,238.2,88,10.72,9.6,5,2.59,0,False
453,DE,85,510,No,No,0,211.5,100,35.96,184.6,88,15.69,164.3,131,7.39,13.3,4,3.59,2,False
454,KY,80,408,No,No,0,209.9,74,35.68,195.1,77,16.58,208.2,119,9.37,8.8,4,2.38,2,False
455,SD,34,408,No,No,0,180.6,65,30.7,280.4,99,23.83,292.4,105,13.16,5.0,3,1.35,1,False
456,AR,59,510,No,Yes,29,133.1,114,22.63,221.2,82,18.8,131.6,103,5.92,6.8,3,1.84,1,False
457,MO,74,415,No,No,0,172.1,105,29.26,211.7,99,17.99,182.2,105,8.2,11.6,6,3.13,1,False
458,MT,143,408,No,Yes,22,141.8,116,24.11,167.3,99,14.22,178.1,130,8.01,7.8,3,2.11,1,False
459,RI,63,415,Yes,No,0,62.9,112,10.69,202.9,111,17.25,259.0,58,11.66,8.9,8,2.4,1,False
460,IN,94,510,No,No,0,245.0,112,41.65,180.4,91,15.33,262.9,105,11.83,9.7,6,2.62,1,False
461,LA,69,415,No,Yes,37,155.0,98,26.35,142.4,105,12.1,143.7,117,6.47,5.9,4,1.59,1,False
462,OH,114,415,No,No,0,187.8,109,31.93,154.6,97,13.14,213.9,102,9.63,10.1,3,2.73,2,False
463,OK,177,408,No,No,0,175.4,99,29.82,155.3,83,13.2,179.4,86,8.07,11.5,3,3.11,1,False
464,MT,28,415,No,No,0,121.7,48,20.69,125.8,112,10.69,261.6,122,11.77,8.3,2,2.24,6,True
465,MD,141,415,No,No,0,185.1,126,31.47,233.0,98,19.81,152.2,106,6.85,9.1,7,2.46,0,False
466,NH,93,408,No,No,0,179.3,93,30.48,188.8,65,16.05,253.2,88,11.39,12.1,5,3.27,1,False
467,IN,76,415,No,No,0,204.2,100,34.71,292.6,139,24.87,244.3,105,10.99,10.5,2,2.84,0,False
468,OK,74,415,No,No,0,200.4,87,34.07,309.2,105,26.28,152.1,118,6.84,10.0,2,2.7,1,False
469,CT,106,510,No,Yes,33,81.6,120,13.87,235.6,85,20.03,150.9,113,6.79,9.9,4,2.67,1,False
470,MT,60,415,No,No,0,145.0,133,24.65,209.1,92,17.77,328.5,112,14.78,14.6,2,3.94,1,False
471,WV,111,510,No,No,0,214.3,118,36.43,208.5,76,17.72,182.4,98,8.21,12.0,2,3.24,1,False
472,NM,94,415,No,No,0,108.0,79,18.36,241.9,152,20.56,252.1,92,11.34,10.4,3,2.81,3,False
473,IA,63,510,No,No,0,153.5,81,26.1,287.3,115,24.42,230.2,85,10.36,6.5,5,1.76,2,False
474,NH,101,510,No,No,0,220.3,124,37.45,188.6,101,16.03,278.4,98,12.53,10.6,4,2.86,1,False
475,GA,98,408,No,No,0,126.3,102,21.47,166.8,85,14.18,187.8,135,8.45,9.4,2,2.54,3,False
476,WI,16,510,No,No,0,229.6,78,39.03,205.7,108,17.48,166.2,91,7.48,10.8,2,2.92,0,True
477,VT,113,510,No,No,0,207.2,113,35.22,256.0,80,21.76,211.0,87,9.49,9.9,1,2.67,1,False
478,HI,101,415,No,Yes,24,114.1,95,19.4,161.5,86,13.73,176.3,90,7.93,13.0,9,3.51,2,False
479,AK,100,415,No,Yes,29,213.6,127,36.31,175.9,82,14.95,207.2,100,9.32,8.9,3,2.4,1,False
480,VT,80,415,No,No,0,160.6,103,27.3,237.0,109,20.15,245.1,88,11.03,10.7,1,2.89,1,False
481,WY,90,510,No,No,0,125.4,158,21.32,269.1,83,22.87,238.6,103,10.74,11.0,7,2.97,1,False
482,NE,86,510,No,Yes,29,157.2,118,26.72,196.3,136,16.69,226.7,109,10.2,8.4,5,2.27,3,False
483,IN,65,415,No,No,0,129.1,137,21.95,228.5,83,19.42,208.8,111,9.4,12.7,6,3.43,4,True
484,DE,129,510,No,No,0,334.3,118,56.83,192.1,104,16.33,191.0,83,8.59,10.4,6,2.81,0,True
485,KS,57,415,No,Yes,37,201.2,76,34.2,280.1,122,23.81,154.2,110,6.94,11.8,1,3.19,1,False
486,FL,130,415,No,No,0,207.1,70,35.21,200.1,115,17.01,194.2,100,8.74,12.4,2,3.35,1,False
487,DE,67,415,Yes,Yes,35,181.1,59,30.79,215.9,116,18.35,216.3,106,9.73,16.9,4,4.56,0,True
488,ID,119,415,Yes,Yes,32,173.0,101,29.41,209.4,93,17.8,231.1,91,10.4,12.2,4,3.29,0,False
489,OH,107,510,No,Yes,38,219.4,92,37.3,180.5,73,15.34,104.1,91,4.68,11.0,1,2.97,2,False
490,ME,130,408,No,No,0,176.3,140,29.97,201.0,104,17.09,161.9,123,7.29,11.3,5,3.05,1,False
491,MS,17,408,No,Yes,35,198.5,123,33.75,270.6,74,23.0,209.9,130,9.45,8.1,10,2.19,1,False
492,UT,90,415,No,No,0,261.8,128,44.51,220.6,104,18.75,136.6,91,6.15,9.6,5,2.59,1,False
493,NM,105,408,No,No,0,146.4,81,24.89,225.1,80,19.13,230.1,117,10.35,8.5,2,2.3,1,False
494,WI,81,415,No,Yes,33,161.6,117,27.47,123.0,90,10.46,261.3,101,11.76,12.2,5,3.29,1,False
495,VA,139,510,No,Yes,23,157.6,129,26.79,247.0,96,21.0,259.2,112,11.66,13.7,2,3.7,0,False
496,AZ,94,408,No,No,0,181.8,85,30.91,202.4,98,17.2,245.9,97,11.07,9.2,2,2.48,4,False
497,VT,73,415,No,No,0,217.8,91,37.03,220.6,97,18.75,277.3,89,12.48,10.3,6,2.78,1,True
498,NV,37,415,No,No,0,233.7,114,39.73,207.9,109,17.67,212.7,101,9.57,12.0,2,3.24,2,False
499,MA,103,415,No,No,0,185.0,117,31.45,223.3,94,18.98,222.8,91,10.03,12.6,2,3.4,2,False
